machine,backend,backend_version,harness_revision,case,dataset,dimension,metric,index_type,quantize_type,rotate,use_refiner,enable_mmap,m,ef_construction,ef_search,k,label_percentage,matching_documents,filter_expression,batch_size,max_docs_per_segment,optimize_concurrency,query_concurrency,concurrency_duration_sec,serial_cooldown_sec,warmup_queries,payload_profile,gomaxprocs,gomemlimit,cpu_affinity,go_version,inserted_count,insert_duration_sec,optimize_duration_sec,load_duration_sec,build_peak_rss_mib,serial_queries,serial_qps,recall_at_k_pct,serial_latency_avg_ms,serial_latency_p95_ms,serial_latency_p99_ms,concurrent_queries,concurrent_qps,concurrent_latency_avg_ms,concurrent_latency_p95_ms,concurrent_latency_p99_ms,query_peak_rss_mib,query_wall_seconds,query_user_cpu_seconds,query_system_cpu_seconds
e2-standard-8,xvec,bc87d5a7db1fde4251574fe458b520485cb2c92f,bc87d5a7db1fde4251574fe458b520485cb2c92f,LabelFilterPerformanceCase,"Small Cohere (768dim, 100K)",768,cosine,hnsw,fp16,false,false,true,50,500,300,100,0.001,100,labels = 'label_0.1p',100,10000000,8,8,30,3,100,ids_only,8,24GiB,0-7,go1.27.1,100000,10.276878,143.906292,154.190405,1466.304688,1000,37.169396,100,26.81507,36.123961,42.314696,4502,149.945262,53.254701,71.954698,83.70548,1045.207031,66.222439,270.481441,2.13145
e2-standard-8,zvec,v0.7.0,bc87d5a7db1fde4251574fe458b520485cb2c92f,LabelFilterPerformanceCase,"Small Cohere (768dim, 100K)",768,cosine,hnsw,fp16,false,false,true,50,500,300,100,0.001,100,labels = 'label_0.1p',100,10000000,8,8,30,3,100,ids_only,8,24GiB,0-7,go1.27.1,100000,7.551211,95.727783,103.334433,789.820312,1000,1191.668,100,0.801632,1.328224,1.523907,238999,7964.787131,1.003213,2.051263,3.117547,129.320312,34.065931,170.32392,27.521227
e2-standard-8,xvec,bc87d5a7db1fde4251574fe458b520485cb2c92f,bc87d5a7db1fde4251574fe458b520485cb2c92f,LabelFilterPerformanceCase,"Small Cohere (768dim, 100K)",768,cosine,hnsw,fp16,false,false,true,50,500,300,100,0.002,200,labels = 'label_0.2p',100,10000000,8,8,30,3,100,ids_only,8,24GiB,0-7,go1.27.1,100000,10.276878,143.906292,154.190405,1466.304688,1000,35.627064,99.983,27.971718,37.450864,43.339799,4408,146.74118,54.430371,73.323207,84.206921,1053.476562,67.530324,272.450184,1.799894
e2-standard-8,zvec,v0.7.0,bc87d5a7db1fde4251574fe458b520485cb2c92f,LabelFilterPerformanceCase,"Small Cohere (768dim, 100K)",768,cosine,hnsw,fp16,false,false,true,50,500,300,100,0.002,200,labels = 'label_0.2p',100,10000000,8,8,30,3,100,ids_only,8,24GiB,0-7,go1.27.1,100000,7.551211,95.727783,103.334433,789.820312,1000,783.775313,99.933,1.207533,1.851708,2.245408,220121,7335.966166,1.089171,2.22247,3.432785,145.914062,34.52255,174.889698,25.424153
e2-standard-8,xvec,bc87d5a7db1fde4251574fe458b520485cb2c92f,bc87d5a7db1fde4251574fe458b520485cb2c92f,LabelFilterPerformanceCase,"Small Cohere (768dim, 100K)",768,cosine,hnsw,fp16,false,false,true,50,500,300,100,0.005,500,labels = 'label_0.5p',100,10000000,8,8,30,3,100,ids_only,8,24GiB,0-7,go1.27.1,100000,10.276878,143.906292,154.190405,1466.304688,1000,35.59298,99.961,27.947315,36.722768,42.698675,4215,140.398695,56.869039,77.204162,89.99938,1102.132812,67.435735,272.616579,1.786872
e2-standard-8,zvec,v0.7.0,bc87d5a7db1fde4251574fe458b520485cb2c92f,LabelFilterPerformanceCase,"Small Cohere (768dim, 100K)",768,cosine,hnsw,fp16,false,false,true,50,500,300,100,0.005,500,labels = 'label_0.5p',100,10000000,8,8,30,3,100,ids_only,8,24GiB,0-7,go1.27.1,100000,7.551211,95.727783,103.334433,789.820312,1000,745.823365,99.865,1.221422,1.911918,2.207468,217282,7240.861581,1.103603,2.118687,3.299704,222.015625,34.641571,186.779303,20.745716
e2-standard-8,xvec,bc87d5a7db1fde4251574fe458b520485cb2c92f,bc87d5a7db1fde4251574fe458b520485cb2c92f,LabelFilterPerformanceCase,"Small Cohere (768dim, 100K)",768,cosine,hnsw,fp16,false,false,true,50,500,300,100,0.01,1000,labels = 'label_1p',100,10000000,8,8,30,3,100,ids_only,8,24GiB,0-7,go1.27.1,100000,10.276878,143.906292,154.190405,1466.304688,1000,32.112338,99.964,30.896204,39.137291,44.467372,4265,142.059484,56.2044,76.176348,90.874053,1193.011719,70.811414,276.560023,2.045144
e2-standard-8,zvec,v0.7.0,bc87d5a7db1fde4251574fe458b520485cb2c92f,LabelFilterPerformanceCase,"Small Cohere (768dim, 100K)",768,cosine,hnsw,fp16,false,false,true,50,500,300,100,0.01,1000,labels = 'label_1p',100,10000000,8,8,30,3,100,ids_only,8,24GiB,0-7,go1.27.1,100000,7.551211,95.727783,103.334433,789.820312,1000,477.305655,99.874,1.852331,2.611732,2.789512,182417,6079.435661,1.314727,2.557884,3.854023,314.398438,35.537082,192.752242,19.316876
e2-standard-8,xvec,bc87d5a7db1fde4251574fe458b520485cb2c92f,bc87d5a7db1fde4251574fe458b520485cb2c92f,LabelFilterPerformanceCase,"Small Cohere (768dim, 100K)",768,cosine,hnsw,fp16,false,false,true,50,500,300,100,0.02,2000,labels = 'label_2p',100,10000000,8,8,30,3,100,ids_only,8,24GiB,0-7,go1.27.1,100000,10.276878,143.906292,154.190405,1466.304688,1000,27.565916,99.97,36.006095,45.327806,53.926199,3871,128.917335,61.915878,80.840772,93.915565,1190.875,76.44954,282.05195,2.006336
e2-standard-8,zvec,v0.7.0,bc87d5a7db1fde4251574fe458b520485cb2c92f,LabelFilterPerformanceCase,"Small Cohere (768dim, 100K)",768,cosine,hnsw,fp16,false,false,true,50,500,300,100,0.02,2000,labels = 'label_2p',100,10000000,8,8,30,3,100,ids_only,8,24GiB,0-7,go1.27.1,100000,7.551211,95.727783,103.334433,789.820312,1000,327.851237,99.847,2.794598,3.617649,4.07048,129783,4325.638376,1.847866,3.462927,4.942028,359.585938,36.501535,204.380152,13.470998
e2-standard-8,xvec,bc87d5a7db1fde4251574fe458b520485cb2c92f,bc87d5a7db1fde4251574fe458b520485cb2c92f,LabelFilterPerformanceCase,"Small Cohere (768dim, 100K)",768,cosine,hnsw,fp16,false,false,true,50,500,300,100,0.05,5000,labels = 'label_5p',100,10000000,8,8,30,3,100,ids_only,8,24GiB,0-7,go1.27.1,100000,10.276878,143.906292,154.190405,1466.304688,1000,21.234299,99.965,46.805504,56.214173,62.988136,3105,103.358867,77.189557,96.838179,109.474562,1191.417969,88.337335,296.172744,2.422388
e2-standard-8,zvec,v0.7.0,bc87d5a7db1fde4251574fe458b520485cb2c92f,LabelFilterPerformanceCase,"Small Cohere (768dim, 100K)",768,cosine,hnsw,fp16,false,false,true,50,500,300,100,0.05,5000,labels = 'label_5p',100,10000000,8,8,30,3,100,ids_only,8,24GiB,0-7,go1.27.1,100000,7.551211,95.727783,103.334433,789.820312,1000,192.798849,99.817,4.919084,5.6682,5.932286,45400,1513.051942,5.283615,7.513407,9.897393,396.585938,38.991647,226.075106,5.78599
e2-standard-8,xvec,bc87d5a7db1fde4251574fe458b520485cb2c92f,bc87d5a7db1fde4251574fe458b520485cb2c92f,LabelFilterPerformanceCase,"Small Cohere (768dim, 100K)",768,cosine,hnsw,fp16,false,false,true,50,500,300,100,0.1,10000,labels = 'label_10p',100,10000000,8,8,30,3,100,ids_only,8,24GiB,0-7,go1.27.1,100000,10.276878,143.906292,154.190405,1466.304688,1000,15.823759,99.961,62.901842,73.794583,82.435273,2351,78.282255,101.927026,125.898567,139.023792,1227.726562,106.039929,313.877233,3.580197
e2-standard-8,zvec,v0.7.0,bc87d5a7db1fde4251574fe458b520485cb2c92f,LabelFilterPerformanceCase,"Small Cohere (768dim, 100K)",768,cosine,hnsw,fp16,false,false,true,50,500,300,100,0.1,10000,labels = 'label_10p',100,10000000,8,8,30,3,100,ids_only,8,24GiB,0-7,go1.27.1,100000,7.551211,95.727783,103.334433,789.820312,1000,117.134727,99.794,8.267121,9.064287,9.555754,23110,769.923547,10.383394,13.287714,16.280311,404.550781,42.679293,236.941573,4.084413
e2-standard-8,xvec,bc87d5a7db1fde4251574fe458b520485cb2c92f,bc87d5a7db1fde4251574fe458b520485cb2c92f,LabelFilterPerformanceCase,"Small Cohere (768dim, 100K)",768,cosine,hnsw,fp16,false,false,true,50,500,300,100,0.2,20000,labels = 'label_20p',100,10000000,8,8,30,3,100,ids_only,8,24GiB,0-7,go1.27.1,100000,10.276878,143.906292,154.190405,1466.304688,1000,11.852349,99.901,84.07593,97.660828,104.813825,1529,50.921213,156.666514,187.891719,201.672612,1221.539062,129.282925,340.700519,4.194302
e2-standard-8,zvec,v0.7.0,bc87d5a7db1fde4251574fe458b520485cb2c92f,LabelFilterPerformanceCase,"Small Cohere (768dim, 100K)",768,cosine,hnsw,fp16,false,false,true,50,500,300,100,0.2,20000,labels = 'label_20p',100,10000000,8,8,30,3,100,ids_only,8,24GiB,0-7,go1.27.1,100000,7.551211,95.727783,103.334433,789.820312,1000,75.185475,99.748,13.035523,16.363712,17.496445,11496,382.871811,20.872375,27.26909,31.102769,394.632812,47.954613,246.704241,3.077975
e2-standard-8,xvec,bc87d5a7db1fde4251574fe458b520485cb2c92f,bc87d5a7db1fde4251574fe458b520485cb2c92f,LabelFilterPerformanceCase,"Small Cohere (768dim, 100K)",768,cosine,hnsw,fp16,false,false,true,50,500,300,100,0.5,50000,labels = 'label_50p',100,10000000,8,8,30,3,100,ids_only,8,24GiB,0-7,go1.27.1,100000,10.276878,143.906292,154.190405,1466.304688,1000,9.419706,99.833,105.86069,124.125705,133.525423,1001,33.311987,238.610628,280.398491,311.852208,1369.152344,153.856092,369.369549,8.246429
e2-standard-8,zvec,v0.7.0,bc87d5a7db1fde4251574fe458b520485cb2c92f,LabelFilterPerformanceCase,"Small Cohere (768dim, 100K)",768,cosine,hnsw,fp16,false,false,true,50,500,300,100,0.5,50000,labels = 'label_50p',100,10000000,8,8,30,3,100,ids_only,8,24GiB,0-7,go1.27.1,100000,7.551211,95.727783,103.334433,789.820312,1000,124.746063,99.65,7.745241,9.839507,10.60123,20820,693.757905,11.521393,15.715616,18.597377,396.320312,42.044539,235.180932,4.343869
