machine,backend,backend_version,build_backend_version,harness_revision,case,dataset,dimension,metric,index_type,quantize_type,rotate,use_refiner,enable_mmap,m,ef_construction,ef_search,k,label_percentage,matching_documents,filter_expression,batch_size,max_docs_per_segment,optimize_concurrency,query_concurrency,concurrency_duration_sec,serial_cooldown_sec,warmup_queries,payload_profile,gomaxprocs,gomemlimit,cpu_affinity,go_version,inserted_count,insert_duration_sec,optimize_duration_sec,load_duration_sec,build_peak_rss_mib,serial_queries,serial_qps,recall_at_k_pct,serial_latency_avg_ms,serial_latency_p95_ms,serial_latency_p99_ms,concurrent_queries,concurrent_qps,concurrent_latency_avg_ms,concurrent_latency_p95_ms,concurrent_latency_p99_ms,query_peak_rss_mib,query_wall_seconds,query_user_cpu_seconds,query_system_cpu_seconds
e2-standard-8,xvec,bc87d5a7db1fde4251574fe458b520485cb2c92f+filter.10fe764cfac2,bc87d5a7db1fde4251574fe458b520485cb2c92f,bc87d5a7db1fde4251574fe458b520485cb2c92f,LabelFilterPerformanceCase,"Small Cohere (768dim, 100K)",768,cosine,hnsw,fp16,false,false,true,50,500,300,100,0.001,100,labels = 'label_0.1p',100,10000000,8,8,30,3,100,ids_only,8,24GiB,0-7,go1.27.1,100000,10.276878,143.906292,154.190405,1466.304688,1000,6474.48974,100,0.129161,0.199143,0.281845,993155,33020.387686,0.241199,0.302699,0.855793,1010.234375,36.647594,233.104028,2.585662
e2-standard-8,zvec,v0.7.0,v0.7.0,bc87d5a7db1fde4251574fe458b520485cb2c92f,LabelFilterPerformanceCase,"Small Cohere (768dim, 100K)",768,cosine,hnsw,fp16,false,false,true,50,500,300,100,0.001,100,labels = 'label_0.1p',100,10000000,8,8,30,3,100,ids_only,8,24GiB,0-7,go1.27.1,100000,7.551211,95.727783,103.334433,789.820312,1000,1104.660965,100,0.864371,1.38019,1.567198,227922,7594.821411,1.051768,2.164219,3.343466,129.261719,34.19283,169.928741,27.702644
e2-standard-8,xvec,bc87d5a7db1fde4251574fe458b520485cb2c92f+filter.10fe764cfac2,bc87d5a7db1fde4251574fe458b520485cb2c92f,bc87d5a7db1fde4251574fe458b520485cb2c92f,LabelFilterPerformanceCase,"Small Cohere (768dim, 100K)",768,cosine,hnsw,fp16,false,false,true,50,500,300,100,0.002,200,labels = 'label_0.2p',100,10000000,8,8,30,3,100,ids_only,8,24GiB,0-7,go1.27.1,100000,10.276878,143.906292,154.190405,1466.304688,1000,3531.576958,99.983,0.235315,0.332263,1.004763,710845,23670.70085,0.337231,0.394121,1.063087,1021.683594,36.717703,234.616509,2.092937
e2-standard-8,zvec,v0.7.0,v0.7.0,bc87d5a7db1fde4251574fe458b520485cb2c92f,LabelFilterPerformanceCase,"Small Cohere (768dim, 100K)",768,cosine,hnsw,fp16,false,false,true,50,500,300,100,0.002,200,labels = 'label_0.2p',100,10000000,8,8,30,3,100,ids_only,8,24GiB,0-7,go1.27.1,100000,7.551211,95.727783,103.334433,789.820312,1000,900.951357,99.933,1.046982,1.64791,1.920508,227524,7581.080937,1.053708,2.112477,3.329351,146.847656,34.373693,174.596541,25.005167
e2-standard-8,xvec,bc87d5a7db1fde4251574fe458b520485cb2c92f+filter.10fe764cfac2,bc87d5a7db1fde4251574fe458b520485cb2c92f,bc87d5a7db1fde4251574fe458b520485cb2c92f,LabelFilterPerformanceCase,"Small Cohere (768dim, 100K)",768,cosine,hnsw,fp16,false,false,true,50,500,300,100,0.005,500,labels = 'label_0.5p',100,10000000,8,8,30,3,100,ids_only,8,24GiB,0-7,go1.27.1,100000,10.276878,143.906292,154.190405,1466.304688,1000,1935.220536,99.961,0.420862,0.469015,0.551708,370376,12330.54626,0.64763,0.778129,2.326092,1063.0625,36.959343,237.065544,1.781778
e2-standard-8,zvec,v0.7.0,v0.7.0,bc87d5a7db1fde4251574fe458b520485cb2c92f,LabelFilterPerformanceCase,"Small Cohere (768dim, 100K)",768,cosine,hnsw,fp16,false,false,true,50,500,300,100,0.005,500,labels = 'label_0.5p',100,10000000,8,8,30,3,100,ids_only,8,24GiB,0-7,go1.27.1,100000,7.551211,95.727783,103.334433,789.820312,1000,645.838139,99.865,1.419449,2.100673,2.43198,212944,7096.675125,1.125983,2.177232,3.402187,214.085938,34.869099,186.73901,20.623467
e2-standard-8,xvec,bc87d5a7db1fde4251574fe458b520485cb2c92f+filter.10fe764cfac2,bc87d5a7db1fde4251574fe458b520485cb2c92f,bc87d5a7db1fde4251574fe458b520485cb2c92f,LabelFilterPerformanceCase,"Small Cohere (768dim, 100K)",768,cosine,hnsw,fp16,false,false,true,50,500,300,100,0.01,1000,labels = 'label_1p',100,10000000,8,8,30,3,100,ids_only,8,24GiB,0-7,go1.27.1,100000,10.276878,143.906292,154.190405,1466.304688,1000,952.959488,99.964,0.852153,1.668189,3.246692,201028,6696.534654,1.193295,2.083861,4.069807,1117.703125,37.550182,238.649605,1.818654
e2-standard-8,zvec,v0.7.0,v0.7.0,bc87d5a7db1fde4251574fe458b520485cb2c92f,LabelFilterPerformanceCase,"Small Cohere (768dim, 100K)",768,cosine,hnsw,fp16,false,false,true,50,500,300,100,0.01,1000,labels = 'label_1p',100,10000000,8,8,30,3,100,ids_only,8,24GiB,0-7,go1.27.1,100000,7.551211,95.727783,103.334433,789.820312,1000,562.855597,99.874,1.547102,2.455606,2.72721,183831,6126.818937,1.304576,2.490975,3.781563,314.144531,35.300532,190.880167,20.336582
e2-standard-8,xvec,bc87d5a7db1fde4251574fe458b520485cb2c92f+filter.10fe764cfac2,bc87d5a7db1fde4251574fe458b520485cb2c92f,bc87d5a7db1fde4251574fe458b520485cb2c92f,LabelFilterPerformanceCase,"Small Cohere (768dim, 100K)",768,cosine,hnsw,fp16,false,false,true,50,500,300,100,0.02,2000,labels = 'label_2p',100,10000000,8,8,30,3,100,ids_only,8,24GiB,0-7,go1.27.1,100000,10.276878,143.906292,154.190405,1466.304688,1000,297.47251,99.97,3.103248,4.952806,5.678565,63761,2124.229291,3.76434,6.39984,8.613992,1052.820312,40.031475,241.905998,1.356928
e2-standard-8,zvec,v0.7.0,v0.7.0,bc87d5a7db1fde4251574fe458b520485cb2c92f,LabelFilterPerformanceCase,"Small Cohere (768dim, 100K)",768,cosine,hnsw,fp16,false,false,true,50,500,300,100,0.02,2000,labels = 'label_2p',100,10000000,8,8,30,3,100,ids_only,8,24GiB,0-7,go1.27.1,100000,7.551211,95.727783,103.334433,789.820312,1000,387.458999,99.847,2.343868,3.367861,3.59442,132651,4421.377189,1.808018,3.397215,4.785224,358.632812,36.026332,203.491667,14.110333
e2-standard-8,xvec,bc87d5a7db1fde4251574fe458b520485cb2c92f+filter.10fe764cfac2,bc87d5a7db1fde4251574fe458b520485cb2c92f,bc87d5a7db1fde4251574fe458b520485cb2c92f,LabelFilterPerformanceCase,"Small Cohere (768dim, 100K)",768,cosine,hnsw,fp16,false,false,true,50,500,300,100,0.05,5000,labels = 'label_5p',100,10000000,8,8,30,3,100,ids_only,8,24GiB,0-7,go1.27.1,100000,10.276878,143.906292,154.190405,1466.304688,1000,92.333623,99.965,10.535075,11.715168,12.500999,18460,615.070886,13.001667,14.99838,21.816572,1032.621094,48.171613,250.819471,1.294323
e2-standard-8,zvec,v0.7.0,v0.7.0,bc87d5a7db1fde4251574fe458b520485cb2c92f,LabelFilterPerformanceCase,"Small Cohere (768dim, 100K)",768,cosine,hnsw,fp16,false,false,true,50,500,300,100,0.05,5000,labels = 'label_5p',100,10000000,8,8,30,3,100,ids_only,8,24GiB,0-7,go1.27.1,100000,7.551211,95.727783,103.334433,789.820312,1000,196.919965,99.817,4.810241,5.616118,5.958151,46543,1551.238512,5.154217,7.363564,9.695431,397.1875,38.791464,225.308771,5.768421
e2-standard-8,xvec,bc87d5a7db1fde4251574fe458b520485cb2c92f+filter.10fe764cfac2,bc87d5a7db1fde4251574fe458b520485cb2c92f,bc87d5a7db1fde4251574fe458b520485cb2c92f,LabelFilterPerformanceCase,"Small Cohere (768dim, 100K)",768,cosine,hnsw,fp16,false,false,true,50,500,300,100,0.1,10000,labels = 'label_10p',100,10000000,8,8,30,3,100,ids_only,8,24GiB,0-7,go1.27.1,100000,10.276878,143.906292,154.190405,1466.304688,1000,49.936212,99.961,19.731993,21.489858,22.36496,9533,317.731952,25.159164,29.26177,41.223964,1030.289062,58.373922,262.034288,1.404359
e2-standard-8,zvec,v0.7.0,v0.7.0,bc87d5a7db1fde4251574fe458b520485cb2c92f,LabelFilterPerformanceCase,"Small Cohere (768dim, 100K)",768,cosine,hnsw,fp16,false,false,true,50,500,300,100,0.1,10000,labels = 'label_10p',100,10000000,8,8,30,3,100,ids_only,8,24GiB,0-7,go1.27.1,100000,7.551211,95.727783,103.334433,789.820312,1000,113.490805,99.794,8.536005,9.421447,10.033065,22564,751.883751,10.631412,14.027192,17.534025,404.113281,42.952156,236.831245,3.933686
e2-standard-8,xvec,bc87d5a7db1fde4251574fe458b520485cb2c92f+filter.10fe764cfac2,bc87d5a7db1fde4251574fe458b520485cb2c92f,bc87d5a7db1fde4251574fe458b520485cb2c92f,LabelFilterPerformanceCase,"Small Cohere (768dim, 100K)",768,cosine,hnsw,fp16,false,false,true,50,500,300,100,0.2,20000,labels = 'label_20p',100,10000000,8,8,30,3,100,ids_only,8,24GiB,0-7,go1.27.1,100000,10.276878,143.906292,154.190405,1466.304688,1000,31.464554,99.901,31.481409,37.780749,41.724955,5370,178.912729,44.675132,55.472527,72.456435,1031.398438,71.20549,276.199885,1.458072
e2-standard-8,zvec,v0.7.0,v0.7.0,bc87d5a7db1fde4251574fe458b520485cb2c92f,LabelFilterPerformanceCase,"Small Cohere (768dim, 100K)",768,cosine,hnsw,fp16,false,false,true,50,500,300,100,0.2,20000,labels = 'label_20p',100,10000000,8,8,30,3,100,ids_only,8,24GiB,0-7,go1.27.1,100000,7.551211,95.727783,103.334433,789.820312,1000,74.607753,99.748,13.126647,16.330993,17.711069,11120,370.406162,21.573054,28.589403,33.663831,394.722656,48.115721,244.945716,2.957286
e2-standard-8,xvec,bc87d5a7db1fde4251574fe458b520485cb2c92f+filter.10fe764cfac2,bc87d5a7db1fde4251574fe458b520485cb2c92f,bc87d5a7db1fde4251574fe458b520485cb2c92f,LabelFilterPerformanceCase,"Small Cohere (768dim, 100K)",768,cosine,hnsw,fp16,false,false,true,50,500,300,100,0.5,50000,labels = 'label_50p',100,10000000,8,8,30,3,100,ids_only,8,24GiB,0-7,go1.27.1,100000,10.276878,143.906292,154.190405,1466.304688,1000,38.899457,99.833,25.411527,31.553056,35.716548,7234,241.098914,33.145762,46.998404,60.666952,1104.824219,64.775974,268.838332,1.664964
e2-standard-8,zvec,v0.7.0,v0.7.0,bc87d5a7db1fde4251574fe458b520485cb2c92f,LabelFilterPerformanceCase,"Small Cohere (768dim, 100K)",768,cosine,hnsw,fp16,false,false,true,50,500,300,100,0.5,50000,labels = 'label_50p',100,10000000,8,8,30,3,100,ids_only,8,24GiB,0-7,go1.27.1,100000,7.551211,95.727783,103.334433,789.820312,1000,126.930716,99.65,7.607746,9.811032,10.584014,18712,623.54946,12.81999,18.119909,21.971884,396.964844,42.010656,235.687232,4.420402
