machine,backend,backend_version,build_backend_version,harness_revision,case,dataset,dimension,metric,index_type,quantize_type,rotate,use_refiner,enable_mmap,m,ef_construction,ef_search,k,label_percentage,matching_documents,filter_expression,batch_size,max_docs_per_segment,optimize_concurrency,query_concurrency,concurrency_duration_sec,serial_cooldown_sec,warmup_queries,payload_profile,gomaxprocs,gomemlimit,cpu_affinity,go_version,inserted_count,insert_duration_sec,optimize_duration_sec,load_duration_sec,build_peak_rss_mib,serial_queries,serial_qps,recall_at_k_pct,serial_latency_avg_ms,serial_latency_p95_ms,serial_latency_p99_ms,concurrent_queries,concurrent_qps,concurrent_latency_avg_ms,concurrent_latency_p95_ms,concurrent_latency_p99_ms,query_peak_rss_mib,query_wall_seconds,query_user_cpu_seconds,query_system_cpu_seconds,timestamp_utc,repetition,matching_percent,ground_truth_source,ground_truth_file,build_timestamp_utc
e2-standard-8,xvec,454ba56e70663bd69df3fe9b7398799a45121f78,bc87d5a7db1fde4251574fe458b520485cb2c92f,454ba56e70663bd69df3fe9b7398799a45121f78,LabelFilterPerformanceCase,"Small Cohere (768dim, 100K)",768,cosine,hnsw,fp16,false,false,true,50,500,300,100,0.5,50000,labels = 'label_50p',100,10000000,8,8,30,3,100,ids_only,8,24GiB,0-7,go1.27.1,100000,10.276877935,143.90629194,154.190404654,1466.3046875,1000,161.88638186766946,99.83300000000013,5.935986476999997,7.6207625,8.314194399999998,25737,857.7277619182214,9.323902303143333,12.228495999999994,13.8099224,844.6328125,42.67559035300019,247.863236,0.800335,2026-10-01T03:06:18.769284111Z,1,50,published_label_filtered_neighbors,neighbors_labels_label_50p.parquet,2026-09-28T13:01:23.395750418Z
e2-standard-8,zvec,v0.7.0,v0.7.0,454ba56e70663bd69df3fe9b7398799a45121f78,LabelFilterPerformanceCase,"Small Cohere (768dim, 100K)",768,cosine,hnsw,fp16,false,false,true,50,500,300,100,0.5,50000,labels = 'label_50p',100,10000000,8,8,30,3,100,ids_only,8,24GiB,0-7,go1.27.1,100000,7.5512113549999995,95.727783305,103.334432855,789.8203125,1000,205.99835332826686,99.65000000000025,4.649274967999999,5.938851049999999,6.4868752,30764,1025.2420490859365,7.799044837342317,10.504824349999998,12.731475269999988,398.0703125,38.518755080999654,231.155273,3.907876,2026-10-01T03:04:57.290920422Z,1,50,published_label_filtered_neighbors,neighbors_labels_label_50p.parquet,2026-09-28T13:03:57.869511475Z
e2-standard-8,zvec,v0.7.0,v0.7.0,454ba56e70663bd69df3fe9b7398799a45121f78,LabelFilterPerformanceCase,"Small Cohere (768dim, 100K)",768,cosine,hnsw,fp16,false,false,true,50,500,300,100,0.2,20000,labels = 'label_20p',100,10000000,8,8,30,3,100,ids_only,8,24GiB,0-7,go1.27.1,100000,7.5512113549999995,95.727783305,103.334432855,789.8203125,1000,115.79482477758866,99.74800000000018,8.417067351000002,10.4764805,11.264836299999999,16518,550.2248049884863,14.529384816926923,18.967738999999998,22.450981069999997,394.9609375,42.714413165000224,240.772263,2.859521,2026-10-01T03:08:39.168592979Z,1,20,published_label_filtered_neighbors,neighbors_labels_label_20p.parquet,2026-09-28T13:03:57.869511475Z
e2-standard-8,xvec,454ba56e70663bd69df3fe9b7398799a45121f78,bc87d5a7db1fde4251574fe458b520485cb2c92f,454ba56e70663bd69df3fe9b7398799a45121f78,LabelFilterPerformanceCase,"Small Cohere (768dim, 100K)",768,cosine,hnsw,fp16,false,false,true,50,500,300,100,0.2,20000,labels = 'label_20p',100,10000000,8,8,30,3,100,ids_only,8,24GiB,0-7,go1.27.1,100000,10.276877935,143.90629194,154.190404654,1466.3046875,1000,82.9587986023526,99.90100000000007,11.811441301999992,14.9038965,16.5709323,13844,461.3065743564186,17.335364061326292,21.981984499999996,24.443276099999995,841.34765625,49.132089993000136,254.08942,0.831406,2026-10-01T03:07:50.026969746Z,1,20,published_label_filtered_neighbors,neighbors_labels_label_20p.parquet,2026-09-28T13:01:23.395750418Z
e2-standard-8,xvec,454ba56e70663bd69df3fe9b7398799a45121f78,bc87d5a7db1fde4251574fe458b520485cb2c92f,454ba56e70663bd69df3fe9b7398799a45121f78,LabelFilterPerformanceCase,"Small Cohere (768dim, 100K)",768,cosine,hnsw,fp16,false,false,true,50,500,300,100,0.2,20000,labels = 'label_20p',100,10000000,8,8,30,3,100,ids_only,8,24GiB,0-7,go1.27.1,100000,10.276877935,143.90629194,154.190404654,1466.3046875,1000,43.637702555964225,99.90100000000007,22.582793555000013,35.965829549999995,42.850692599999995,6744,224.7296693892218,35.5662169712336,54.26695834999999,61.27366902999995,836.51171875,62.61678573500012,264.425281,3.124079,2026-10-01T03:14:59.394833707Z,2,20,published_label_filtered_neighbors,neighbors_labels_label_20p.parquet,2026-09-28T13:01:23.395750418Z
e2-standard-8,zvec,v0.7.0,v0.7.0,454ba56e70663bd69df3fe9b7398799a45121f78,LabelFilterPerformanceCase,"Small Cohere (768dim, 100K)",768,cosine,hnsw,fp16,false,false,true,50,500,300,100,0.2,20000,labels = 'label_20p',100,10000000,8,8,30,3,100,ids_only,8,24GiB,0-7,go1.27.1,100000,7.5512113549999995,95.727783305,103.334432855,789.8203125,1000,95.59578950887956,99.74800000000018,10.210118493,13.93217745,16.3664844,16283,542.5705819115634,14.733954640361077,19.771193,23.427374800000003,395.22265625,44.552645391999704,242.25633,3.017675,2026-10-01T03:13:19.104550019Z,2,20,published_label_filtered_neighbors,neighbors_labels_label_20p.parquet,2026-09-28T13:03:57.869511475Z
e2-standard-8,zvec,v0.7.0,v0.7.0,454ba56e70663bd69df3fe9b7398799a45121f78,LabelFilterPerformanceCase,"Small Cohere (768dim, 100K)",768,cosine,hnsw,fp16,false,false,true,50,500,300,100,0.5,50000,labels = 'label_50p',100,10000000,8,8,30,3,100,ids_only,8,24GiB,0-7,go1.27.1,100000,7.5512113549999995,95.727783305,103.334432855,789.8203125,1000,188.56821948191086,99.65000000000025,5.080108687,7.4594759999999996,8.882386,28022,933.7124357764942,8.563105824673475,11.952900999999999,14.351941200000002,397.44140625,39.16336579699964,232.556499,4.18782,2026-10-01T03:17:33.027490617Z,2,50,published_label_filtered_neighbors,neighbors_labels_label_50p.parquet,2026-09-28T13:03:57.869511475Z
e2-standard-8,xvec,454ba56e70663bd69df3fe9b7398799a45121f78,bc87d5a7db1fde4251574fe458b520485cb2c92f,454ba56e70663bd69df3fe9b7398799a45121f78,LabelFilterPerformanceCase,"Small Cohere (768dim, 100K)",768,cosine,hnsw,fp16,false,false,true,50,500,300,100,0.5,50000,labels = 'label_50p',100,10000000,8,8,30,3,100,ids_only,8,24GiB,0-7,go1.27.1,100000,10.276877935,143.90629194,154.190404654,1466.3046875,1000,128.6460287733853,99.83300000000013,7.512404504999991,10.887041449999996,13.1320868,20711,689.9927312928774,11.589207807493624,16.509755,19.812911000000025,844.35546875,44.588786569999684,248.425592,1.039109,2026-10-01T03:16:48.435539988Z,2,50,published_label_filtered_neighbors,neighbors_labels_label_50p.parquet,2026-09-28T13:01:23.395750418Z
e2-standard-8,xvec,454ba56e70663bd69df3fe9b7398799a45121f78,bc87d5a7db1fde4251574fe458b520485cb2c92f,454ba56e70663bd69df3fe9b7398799a45121f78,LabelFilterPerformanceCase,"Small Cohere (768dim, 100K)",768,cosine,hnsw,fp16,false,false,true,50,500,300,100,0.5,50000,labels = 'label_50p',100,10000000,8,8,30,3,100,ids_only,8,24GiB,0-7,go1.27.1,100000,10.276877935,143.90629194,154.190404654,1466.3046875,1000,170.4742284186447,99.83300000000013,5.641598383999992,7.284021,8.1959391,27280,909.1692130769414,8.796058461436953,11.4047255,12.6837091,846.53125,42.26404085300055,246.951919,0.769199,2026-10-01T03:31:05.097592724Z,3,50,published_label_filtered_neighbors,neighbors_labels_label_50p.parquet,2026-09-28T13:01:23.395750418Z
e2-standard-8,zvec,v0.7.0,v0.7.0,454ba56e70663bd69df3fe9b7398799a45121f78,LabelFilterPerformanceCase,"Small Cohere (768dim, 100K)",768,cosine,hnsw,fp16,false,false,true,50,500,300,100,0.5,50000,labels = 'label_50p',100,10000000,8,8,30,3,100,ids_only,8,24GiB,0-7,go1.27.1,100000,7.5512113549999995,95.727783305,103.334432855,789.8203125,1000,210.81699963328109,99.65000000000025,4.539061104999998,5.712956999999999,6.1871939099999995,31683,1055.6213037830737,7.5745897968311295,10.063966999999996,11.925658799999999,396.57421875,38.42279105799935,232.295427,3.999315,2026-10-01T03:29:44.169162636Z,3,50,published_label_filtered_neighbors,neighbors_labels_label_50p.parquet,2026-09-28T13:03:57.869511475Z
e2-standard-8,zvec,v0.7.0,v0.7.0,454ba56e70663bd69df3fe9b7398799a45121f78,LabelFilterPerformanceCase,"Small Cohere (768dim, 100K)",768,cosine,hnsw,fp16,false,false,true,50,500,300,100,0.2,20000,labels = 'label_20p',100,10000000,8,8,30,3,100,ids_only,8,24GiB,0-7,go1.27.1,100000,7.5512113549999995,95.727783305,103.334432855,789.8203125,1000,120.85986415079334,99.74800000000018,8.068766683000003,10.476623549999998,12.8679417,17760,591.7934971507509,13.50876086137391,17.35543,19.933552810000002,397.2109375,42.27080723099971,240.436031,2.935817,2026-10-01T03:28:13.130797195Z,3,20,published_label_filtered_neighbors,neighbors_labels_label_20p.parquet,2026-09-28T13:03:57.869511475Z
e2-standard-8,xvec,454ba56e70663bd69df3fe9b7398799a45121f78,bc87d5a7db1fde4251574fe458b520485cb2c92f,454ba56e70663bd69df3fe9b7398799a45121f78,LabelFilterPerformanceCase,"Small Cohere (768dim, 100K)",768,cosine,hnsw,fp16,false,false,true,50,500,300,100,0.2,20000,labels = 'label_20p',100,10000000,8,8,30,3,100,ids_only,8,24GiB,0-7,go1.27.1,100000,10.276877935,143.90629194,154.190404654,1466.3046875,1000,88.77519638086365,99.90100000000007,11.02835446700001,13.685389999999996,14.5944589,14182,472.6000347134156,16.91957005619798,21.2841705,23.458655800000006,838.7734375,48.29210042199975,253.421785,0.745737,2026-10-01T03:27:24.837149904Z,3,20,published_label_filtered_neighbors,neighbors_labels_label_20p.parquet,2026-09-28T13:01:23.395750418Z
e2-standard-8,xvec,454ba56e70663bd69df3fe9b7398799a45121f78,bc87d5a7db1fde4251574fe458b520485cb2c92f,454ba56e70663bd69df3fe9b7398799a45121f78,LabelFilterPerformanceCase,"Small Cohere (768dim, 100K)",768,cosine,hnsw,fp16,false,false,true,50,500,300,100,0.001,100,labels = 'label_0.1p',100,10000000,8,8,30,3,100,ids_only,8,24GiB,0-7,go1.27.1,100000,10.276877935,143.90629194,154.190404654,1466.3046875,1000,8437.836643313829,100,0.09650451100000018,0.12541149999999998,0.1651393,1296375,43130.850249688534,0.18488273323382556,0.21875340000000038,0.5323178000000003,850.1328125,36.12097879900011,233.874934,2.599336,2026-10-01T03:12:42.98391991Z,1,0.1,published_label_filtered_neighbors,neighbors_labels_label_0.1p.parquet,2026-09-28T13:01:23.395750418Z
e2-standard-8,zvec,v0.7.0,v0.7.0,454ba56e70663bd69df3fe9b7398799a45121f78,LabelFilterPerformanceCase,"Small Cohere (768dim, 100K)",768,cosine,hnsw,fp16,false,false,true,50,500,300,100,0.001,100,labels = 'label_0.1p',100,10000000,8,8,30,3,100,ids_only,8,24GiB,0-7,go1.27.1,100000,7.5512113549999995,95.727783305,103.334432855,789.8203125,1000,1253.0157080855922,100,0.7618681520000006,1.2437584999999995,1.5347597999999998,293714,9786.486110979671,0.8163535585739763,1.6282534999999998,2.4936496,124.5546875,33.99180131200001,171.029081,25.917015,2026-10-01T03:11:32.866044339Z,1,0.1,published_label_filtered_neighbors,neighbors_labels_label_0.1p.parquet,2026-09-28T13:03:57.869511475Z
e2-standard-8,zvec,v0.7.0,v0.7.0,454ba56e70663bd69df3fe9b7398799a45121f78,LabelFilterPerformanceCase,"Small Cohere (768dim, 100K)",768,cosine,hnsw,fp16,false,false,true,50,500,300,100,0.002,200,labels = 'label_0.2p',100,10000000,8,8,30,3,100,ids_only,8,24GiB,0-7,go1.27.1,100000,7.5512113549999995,95.727783305,103.334432855,789.8203125,1000,890.7002374768941,99.93300000000006,1.0633774399999998,1.6554229999999996,2.2091687899999997,272741,9089.09421799562,0.8792595180592369,1.76582,2.7562139999999875,139.40234375,34.32580100299947,174.961877,24.065833,2026-10-01T03:32:58.846370486Z,1,0.2,published_label_filtered_neighbors,neighbors_labels_label_0.2p.parquet,2026-09-28T13:03:57.869511475Z
e2-standard-8,xvec,454ba56e70663bd69df3fe9b7398799a45121f78,bc87d5a7db1fde4251574fe458b520485cb2c92f,454ba56e70663bd69df3fe9b7398799a45121f78,LabelFilterPerformanceCase,"Small Cohere (768dim, 100K)",768,cosine,hnsw,fp16,false,false,true,50,500,300,100,0.002,200,labels = 'label_0.2p',100,10000000,8,8,30,3,100,ids_only,8,24GiB,0-7,go1.27.1,100000,10.276877935,143.90629194,154.190404654,1466.3046875,1000,2729.864157537141,99.983,0.3082753050000001,0.9023424999999999,1.4796068099999993,705617,23493.78563055069,0.33959136888142294,0.7360819999999995,2.093504599999991,830.67578125,36.5353642959999,231.582961,3.004032,2026-10-01T03:33:33.177339748Z,1,0.2,published_label_filtered_neighbors,neighbors_labels_label_0.2p.parquet,2026-09-28T13:01:23.395750418Z
e2-standard-8,xvec,454ba56e70663bd69df3fe9b7398799a45121f78,bc87d5a7db1fde4251574fe458b520485cb2c92f,454ba56e70663bd69df3fe9b7398799a45121f78,LabelFilterPerformanceCase,"Small Cohere (768dim, 100K)",768,cosine,hnsw,fp16,false,false,true,50,500,300,100,0.005,500,labels = 'label_0.5p',100,10000000,8,8,30,3,100,ids_only,8,24GiB,0-7,go1.27.1,100000,10.276877935,143.90629194,154.190404654,1466.3046875,1000,548.8259785512452,99.96100000000003,1.5191609600000004,5.465171999999994,8.519285699999996,211473,7043.976738444715,1.1342217728740747,3.9657019999999985,10.645398799999999,839.6875,39.950724147000074,232.920699,4.791215,2026-10-01T03:34:09.736937105Z,1,0.5,published_label_filtered_neighbors,neighbors_labels_label_0.5p.parquet,2026-09-28T13:01:23.395750418Z
e2-standard-8,zvec,v0.7.0,v0.7.0,454ba56e70663bd69df3fe9b7398799a45121f78,LabelFilterPerformanceCase,"Small Cohere (768dim, 100K)",768,cosine,hnsw,fp16,false,false,true,50,500,300,100,0.005,500,labels = 'label_0.5p',100,10000000,8,8,30,3,100,ids_only,8,24GiB,0-7,go1.27.1,100000,7.5512113549999995,95.727783305,103.334432855,789.8203125,1000,404.2717400907164,99.86500000000011,2.2765039650000007,4.341648949999998,6.20729511,95419,3180.3938379098813,2.512973946467681,8.947783999999992,12.865169179999985,194.5390625,36.13669218799987,165.752329,19.581704,2026-10-01T03:34:49.705115582Z,1,0.5,published_label_filtered_neighbors,neighbors_labels_label_0.5p.parquet,2026-09-28T13:03:57.869511475Z
e2-standard-8,zvec,v0.7.0,v0.7.0,454ba56e70663bd69df3fe9b7398799a45121f78,LabelFilterPerformanceCase,"Small Cohere (768dim, 100K)",768,cosine,hnsw,fp16,false,false,true,50,500,300,100,0.01,1000,labels = 'label_1p',100,10000000,8,8,30,3,100,ids_only,8,24GiB,0-7,go1.27.1,100000,7.5512113549999995,95.727783305,103.334432855,789.8203125,1000,735.2372319099335,99.87400000000011,1.146079907,1.6941205499999998,1.8642447,223096,7435.681005013907,1.075121399128627,1.9839769999999999,3.015959999999998,286.015625,34.68770956499975,192.083442,15.351449,2026-10-01T03:37:53.72682519Z,1,1,published_label_filtered_neighbors,neighbors_labels_label_1p.parquet,2026-09-28T13:03:57.869511475Z
e2-standard-8,xvec,454ba56e70663bd69df3fe9b7398799a45121f78,bc87d5a7db1fde4251574fe458b520485cb2c92f,454ba56e70663bd69df3fe9b7398799a45121f78,LabelFilterPerformanceCase,"Small Cohere (768dim, 100K)",768,cosine,hnsw,fp16,false,false,true,50,500,300,100,0.01,1000,labels = 'label_1p',100,10000000,8,8,30,3,100,ids_only,8,24GiB,0-7,go1.27.1,100000,10.276877935,143.90629194,154.190404654,1466.3046875,1000,1269.8644676447386,99.96400000000003,0.5962120679999996,1.3792099999999996,1.8242469899999998,316617,10546.67034747506,0.7579794179908118,1.125501,1.8856126400000122,932.1171875,36.90457222399982,239.680868,1.477854,2026-10-01T03:38:28.494927944Z,1,1,published_label_filtered_neighbors,neighbors_labels_label_1p.parquet,2026-09-28T13:01:23.395750418Z
e2-standard-8,xvec,454ba56e70663bd69df3fe9b7398799a45121f78,bc87d5a7db1fde4251574fe458b520485cb2c92f,454ba56e70663bd69df3fe9b7398799a45121f78,LabelFilterPerformanceCase,"Small Cohere (768dim, 100K)",768,cosine,hnsw,fp16,false,false,true,50,500,300,100,0.02,2000,labels = 'label_2p',100,10000000,8,8,30,3,100,ids_only,8,24GiB,0-7,go1.27.1,100000,10.276877935,143.90629194,154.190404654,1466.3046875,1000,711.1789250875895,99.97000000000003,1.2074509279999996,2.3325755,2.9205574999999997,140719,4689.209203460782,1.7052803891159292,3.0375589,4.906137200000022,898.32421875,37.52152259899958,240.48249,1.19546,2026-10-01T03:39:05.401240226Z,1,2,published_label_filtered_neighbors,neighbors_labels_label_2p.parquet,2026-09-28T13:01:23.395750418Z
e2-standard-8,zvec,v0.7.0,v0.7.0,454ba56e70663bd69df3fe9b7398799a45121f78,LabelFilterPerformanceCase,"Small Cohere (768dim, 100K)",768,cosine,hnsw,fp16,false,false,true,50,500,300,100,0.02,2000,labels = 'label_2p',100,10000000,8,8,30,3,100,ids_only,8,24GiB,0-7,go1.27.1,100000,7.5512113549999995,95.727783305,103.334432855,789.8203125,1000,534.8420949287138,99.84700000000012,1.652793943000001,2.2554005499999996,2.4671457,157100,5236.297736502454,1.5268918372628872,2.7071099999999992,3.991512400000007,318.61328125,35.292820463999306,201.464601,13.750787,2026-10-01T03:39:42.932696162Z,1,2,published_label_filtered_neighbors,neighbors_labels_label_2p.parquet,2026-09-28T13:03:57.869511475Z
e2-standard-8,zvec,v0.7.0,v0.7.0,454ba56e70663bd69df3fe9b7398799a45121f78,LabelFilterPerformanceCase,"Small Cohere (768dim, 100K)",768,cosine,hnsw,fp16,false,false,true,50,500,300,100,0.05,5000,labels = 'label_5p',100,10000000,8,8,30,3,100,ids_only,8,24GiB,0-7,go1.27.1,100000,7.5512113549999995,95.727783305,103.334432855,789.8203125,1000,309.07708907414406,99.81700000000015,3.006060497000005,3.5188275499999997,3.7576053899999997,66842,2227.343136002654,3.589816110574205,5.421687499999999,7.433565189999993,374.5234375,36.778622358000575,221.433837,6.452478,2026-10-01T03:42:52.733053326Z,1,5,published_label_filtered_neighbors,neighbors_labels_label_5p.parquet,2026-09-28T13:03:57.869511475Z
e2-standard-8,xvec,454ba56e70663bd69df3fe9b7398799a45121f78,bc87d5a7db1fde4251574fe458b520485cb2c92f,454ba56e70663bd69df3fe9b7398799a45121f78,LabelFilterPerformanceCase,"Small Cohere (768dim, 100K)",768,cosine,hnsw,fp16,false,false,true,50,500,300,100,0.05,5000,labels = 'label_5p',100,10000000,8,8,30,3,100,ids_only,8,24GiB,0-7,go1.27.1,100000,10.276877935,143.90629194,154.190404654,1466.3046875,1000,199.45834708306097,99.96500000000003,4.752415857,5.38405445,6.05025221,37960,1265.021422904521,6.321769285194892,7.7989675,11.530246289999765,863.4921875,41.41471246299989,244.947162,0.8803759999999999,2026-10-01T03:43:29.519846214Z,1,5,published_label_filtered_neighbors,neighbors_labels_label_5p.parquet,2026-09-28T13:01:23.395750418Z
e2-standard-8,xvec,454ba56e70663bd69df3fe9b7398799a45121f78,bc87d5a7db1fde4251574fe458b520485cb2c92f,454ba56e70663bd69df3fe9b7398799a45121f78,LabelFilterPerformanceCase,"Small Cohere (768dim, 100K)",768,cosine,hnsw,fp16,false,false,true,50,500,300,100,0.1,10000,labels = 'label_10p',100,10000000,8,8,30,3,100,ids_only,8,24GiB,0-7,go1.27.1,100000,10.276877935,143.90629194,154.190404654,1466.3046875,1000,107.4281848364005,99.96100000000003,9.046879297,10.07815495,10.749841510000001,19709,656.7633988106849,12.177448181084685,14.613561999999998,22.03592239999998,867.4609375,46.07119468500014,250.70018,0.9303889999999999,2026-10-01T03:09:21.891345514Z,1,10,published_label_filtered_neighbors,neighbors_labels_label_10p.parquet,2026-09-28T13:01:23.395750418Z
e2-standard-8,zvec,v0.7.0,v0.7.0,454ba56e70663bd69df3fe9b7398799a45121f78,LabelFilterPerformanceCase,"Small Cohere (768dim, 100K)",768,cosine,hnsw,fp16,false,false,true,50,500,300,100,0.1,10000,labels = 'label_10p',100,10000000,8,8,30,3,100,ids_only,8,24GiB,0-7,go1.27.1,100000,7.5512113549999995,95.727783305,103.334432855,789.8203125,1000,187.47541948845577,99.79400000000015,5.101082085000005,7.199298499999999,7.9543599,33251,1107.7083673625752,7.218225252654014,9.50178,11.947365,402.44921875,39.0631226659998,232.592357,3.9070039999999997,2026-10-01T03:10:07.969602729Z,1,10,published_label_filtered_neighbors,neighbors_labels_label_10p.parquet,2026-09-28T13:03:57.869511475Z
