matching_percent,implementation,repetition,query_source_revision,filter_rate,qps,p99_ms,recall_at_100_percent,query_peak_rss_mib,wall_seconds,index_type,m,ef_construction,ef_search,quantization,k,concurrency,concurrent_duration_seconds,serial_queries,enable_mmap,use_refiner,payload_profile,ground_truth_source,collection_build_revision
50,before,1,4c8d22c42eee5205fb68b0a4093987e346f2d0c5,0.5,446.10,42.890,99.806,1034.98,53.220,hnsw,50,500,300,fp16,100,8,30,1000,true,false,ids_only,locally generated exhaustive float64 cosine,bc87d5a7db1fde4251574fe458b520485cb2c92f+intfilter.9c8ec3044bf4
50,after,1,97ab79323137cb5174c096a17051cad5f7374add,0.5,478.52,34.930,99.806,999.20,52.252,hnsw,50,500,300,fp16,100,8,30,1000,true,false,ids_only,locally generated exhaustive float64 cosine,bc87d5a7db1fde4251574fe458b520485cb2c92f+intfilter.9c8ec3044bf4
20,after,1,97ab79323137cb5174c096a17051cad5f7374add,0.8,369.59,43.003,99.884,992.79,54.994,hnsw,50,500,300,fp16,100,8,30,1000,true,false,ids_only,locally generated exhaustive float64 cosine,bc87d5a7db1fde4251574fe458b520485cb2c92f+intfilter.9c8ec3044bf4
20,before,1,4c8d22c42eee5205fb68b0a4093987e346f2d0c5,0.8,382.15,40.686,99.884,996.01,54.618,hnsw,50,500,300,fp16,100,8,30,1000,true,false,ids_only,locally generated exhaustive float64 cosine,bc87d5a7db1fde4251574fe458b520485cb2c92f+intfilter.9c8ec3044bf4
20,after,2,97ab79323137cb5174c096a17051cad5f7374add,0.8,395.76,34.660,99.884,992.94,53.054,hnsw,50,500,300,fp16,100,8,30,1000,true,false,ids_only,locally generated exhaustive float64 cosine,bc87d5a7db1fde4251574fe458b520485cb2c92f+intfilter.9c8ec3044bf4
20,before,2,4c8d22c42eee5205fb68b0a4093987e346f2d0c5,0.8,362.61,41.630,99.884,998.45,54.581,hnsw,50,500,300,fp16,100,8,30,1000,true,false,ids_only,locally generated exhaustive float64 cosine,bc87d5a7db1fde4251574fe458b520485cb2c92f+intfilter.9c8ec3044bf4
50,before,2,4c8d22c42eee5205fb68b0a4093987e346f2d0c5,0.5,632.83,32.370,99.806,1036.32,48.150,hnsw,50,500,300,fp16,100,8,30,1000,true,false,ids_only,locally generated exhaustive float64 cosine,bc87d5a7db1fde4251574fe458b520485cb2c92f+intfilter.9c8ec3044bf4
50,after,2,97ab79323137cb5174c096a17051cad5f7374add,0.5,756.23,21.153,99.806,1006.93,46.530,hnsw,50,500,300,fp16,100,8,30,1000,true,false,ids_only,locally generated exhaustive float64 cosine,bc87d5a7db1fde4251574fe458b520485cb2c92f+intfilter.9c8ec3044bf4
50,before,3,4c8d22c42eee5205fb68b0a4093987e346f2d0c5,0.5,598.32,34.738,99.806,1062.72,48.752,hnsw,50,500,300,fp16,100,8,30,1000,true,false,ids_only,locally generated exhaustive float64 cosine,bc87d5a7db1fde4251574fe458b520485cb2c92f+intfilter.9c8ec3044bf4
50,after,3,97ab79323137cb5174c096a17051cad5f7374add,0.5,692.82,24.867,99.806,1003.53,46.250,hnsw,50,500,300,fp16,100,8,30,1000,true,false,ids_only,locally generated exhaustive float64 cosine,bc87d5a7db1fde4251574fe458b520485cb2c92f+intfilter.9c8ec3044bf4
20,after,3,97ab79323137cb5174c096a17051cad5f7374add,0.8,438.41,31.731,99.884,990.11,51.479,hnsw,50,500,300,fp16,100,8,30,1000,true,false,ids_only,locally generated exhaustive float64 cosine,bc87d5a7db1fde4251574fe458b520485cb2c92f+intfilter.9c8ec3044bf4
20,before,3,4c8d22c42eee5205fb68b0a4093987e346f2d0c5,0.8,408.47,39.742,99.884,1001.55,52.113,hnsw,50,500,300,fp16,100,8,30,1000,true,false,ids_only,locally generated exhaustive float64 cosine,bc87d5a7db1fde4251574fe458b520485cb2c92f+intfilter.9c8ec3044bf4
0.1,before,1,4c8d22c42eee5205fb68b0a4093987e346f2d0c5,0.999,24890.18,1.138,100.000,1252.50,38.634,hnsw,50,500,300,fp16,100,8,30,1000,true,false,ids_only,locally generated exhaustive float64 cosine,bc87d5a7db1fde4251574fe458b520485cb2c92f+intfilter.9c8ec3044bf4
0.1,after,1,97ab79323137cb5174c096a17051cad5f7374add,0.999,25210.34,0.875,100.000,1263.54,38.698,hnsw,50,500,300,fp16,100,8,30,1000,true,false,ids_only,locally generated exhaustive float64 cosine,bc87d5a7db1fde4251574fe458b520485cb2c92f+intfilter.9c8ec3044bf4
10,after,1,97ab79323137cb5174c096a17051cad5f7374add,0.9,600.89,26.245,99.961,1043.05,48.856,hnsw,50,500,300,fp16,100,8,30,1000,true,false,ids_only,locally generated exhaustive float64 cosine,bc87d5a7db1fde4251574fe458b520485cb2c92f+intfilter.9c8ec3044bf4
10,before,1,4c8d22c42eee5205fb68b0a4093987e346f2d0c5,0.9,581.49,27.187,99.961,1036.81,49.459,hnsw,50,500,300,fp16,100,8,30,1000,true,false,ids_only,locally generated exhaustive float64 cosine,bc87d5a7db1fde4251574fe458b520485cb2c92f+intfilter.9c8ec3044bf4
0.2,after,1,97ab79323137cb5174c096a17051cad5f7374add,0.998,14603.19,1.845,99.989,1268.32,38.709,hnsw,50,500,300,fp16,100,8,30,1000,true,false,ids_only,locally generated exhaustive float64 cosine,bc87d5a7db1fde4251574fe458b520485cb2c92f+intfilter.9c8ec3044bf4
0.5,after,1,97ab79323137cb5174c096a17051cad5f7374add,0.995,9998.26,2.887,99.970,1201.65,38.931,hnsw,50,500,300,fp16,100,8,30,1000,true,false,ids_only,locally generated exhaustive float64 cosine,bc87d5a7db1fde4251574fe458b520485cb2c92f+intfilter.9c8ec3044bf4
1,after,1,97ab79323137cb5174c096a17051cad5f7374add,0.99,6904.72,3.783,99.959,1175.67,39.179,hnsw,50,500,300,fp16,100,8,30,1000,true,false,ids_only,locally generated exhaustive float64 cosine,bc87d5a7db1fde4251574fe458b520485cb2c92f+intfilter.9c8ec3044bf4
2,after,1,97ab79323137cb5174c096a17051cad5f7374add,0.98,3444.84,9.498,99.970,1091.20,40.084,hnsw,50,500,300,fp16,100,8,30,1000,true,false,ids_only,locally generated exhaustive float64 cosine,bc87d5a7db1fde4251574fe458b520485cb2c92f+intfilter.9c8ec3044bf4
5,after,1,97ab79323137cb5174c096a17051cad5f7374add,0.95,1035.81,18.089,99.965,1044.19,44.863,hnsw,50,500,300,fp16,100,8,30,1000,true,false,ids_only,locally generated exhaustive float64 cosine,bc87d5a7db1fde4251574fe458b520485cb2c92f+intfilter.9c8ec3044bf4
