timestamp_utc,machine,cpu,backend,backend_version,query_source_revision,collection_build_revision,repetition,matching_percent,matching_fraction,dataset_size,matching_documents,filter_rate,filter_expression,dataset,dimension,metric,index_type,quantization,m,ef_construction,ef_search,k,enable_mmap,use_refiner,rotate,payload_profile,warmup_queries,concurrency,concurrent_duration_seconds,serial_cooldown_seconds,serial_queries,serial_qps,serial_latency_avg_ms,serial_p95_ms,serial_p99_ms,concurrent_queries,qps,latency_avg_ms,p95_ms,p99_ms,recall_at_100_percent,query_peak_rss_mib,wall_seconds,user_cpu_seconds,system_cpu_seconds,go_version,cgo_enabled,gomaxprocs,gomemlimit,cpu_affinity,ground_truth_source,ground_truth_file,native_library_sha256
2026-10-01T06:14:22.514510594Z,e2-standard-8,AMD EPYC 7B12,xvec,34cfd77b9e80129c8a242e790330515c190d837a,34cfd77b9e80129c8a242e790330515c190d837a,bc87d5a7db1fde4251574fe458b520485cb2c92f+intfilter.9c8ec3044bf4,1,50,0.5,100000,50000,0.5,id >= 50000,"Small Cohere (768dim, 100K)",768,cosine,hnsw,fp16,50,500,300,100,true,false,false,ids_only,100,8,30,3,1000,149.94472535858176,6.6187840899999975,8.344726999999999,9.033533199999999,24257,808.2496526170515,9.89520259207654,12.685644000000002,14.279678799999997,99.80600000000014,744.57421875,45.50555619399893,250.270475,0.966092,go1.27.1,0,8,24GiB,0-7,local_exact_fp64_cosine,neighbors_int_50p.parquet,
2026-10-01T06:15:08.017959798Z,e2-standard-8,AMD EPYC 7B12,zvec,v0.7.0,34cfd77b9e80129c8a242e790330515c190d837a,v0.7.0,1,50,0.5,100000,50000,0.5,id >= 50000,"Small Cohere (768dim, 100K)",768,cosine,hnsw,fp16,50,500,300,100,true,false,false,ids_only,100,8,30,3,1000,204.90004445242946,4.846201168999997,6.150922499999999,6.7916246099999995,30517,1016.9999481172396,7.8620424570895056,10.808965999999995,13.0422948,99.66500000000026,287.91796875,38.5141293100005,230.152868,4.403545,go1.27.1,0,8,24GiB,0-7,local_exact_fp64_cosine,neighbors_int_50p.parquet,b41fe8aba208b74b083e37849572284e7c091180869cba876b34c89e5833e514
2026-10-01T06:16:31.59606104Z,e2-standard-8,AMD EPYC 7B12,zvec,v0.7.0,34cfd77b9e80129c8a242e790330515c190d837a,v0.7.0,1,20,0.2,100000,20000,0.8,id >= 80000,"Small Cohere (768dim, 100K)",768,cosine,hnsw,fp16,50,500,300,100,true,false,false,ids_only,100,8,30,3,1000,117.03666418041858,8.508219126999991,10.47341295,11.331275699999999,16849,561.3865550456219,14.239892048548851,18.740042999999982,21.75307640000001,99.75200000000018,285.41015625,42.54375870900003,239.873297,3.0070769999999998,go1.27.1,0,8,24GiB,0-7,local_exact_fp64_cosine,neighbors_int_80p.parquet,b41fe8aba208b74b083e37849572284e7c091180869cba876b34c89e5833e514
2026-10-01T06:18:05.619010436Z,e2-standard-8,AMD EPYC 7B12,xvec,34cfd77b9e80129c8a242e790330515c190d837a,34cfd77b9e80129c8a242e790330515c190d837a,bc87d5a7db1fde4251574fe458b520485cb2c92f+intfilter.9c8ec3044bf4,1,20,0.2,100000,20000,0.8,id >= 80000,"Small Cohere (768dim, 100K)",768,cosine,hnsw,fp16,50,500,300,100,true,false,false,ids_only,100,8,30,3,1000,80.5460173080441,12.363075340999996,15.24112005,16.3136478,13085,436.1460693923138,18.334120167137915,22.978118999999996,25.389503799999996,99.88400000000009,739.26171875,51.95114001700131,257.187235,0.923924,go1.27.1,0,8,24GiB,0-7,local_exact_fp64_cosine,neighbors_int_80p.parquet,
2026-10-01T06:36:31.60375911Z,e2-standard-8,AMD EPYC 7B12,zvec,v0.7.0,34cfd77b9e80129c8a242e790330515c190d837a,v0.7.0,2,20,0.2,100000,20000,0.8,id >= 80000,"Small Cohere (768dim, 100K)",768,cosine,hnsw,fp16,50,500,300,100,true,false,false,ids_only,100,8,30,3,1000,133.09032085947047,7.482322798000007,9.22831,9.828851899999998,18800,626.5083966327727,12.760842778510709,16.43184955,18.76668839999998,99.75200000000018,292.01171875,41.40499897100017,238.380407,3.272804,go1.27.1,0,8,24GiB,0-7,local_exact_fp64_cosine,neighbors_int_80p.parquet,b41fe8aba208b74b083e37849572284e7c091180869cba876b34c89e5833e514
2026-10-01T06:35:41.42557613Z,e2-standard-8,AMD EPYC 7B12,xvec,34cfd77b9e80129c8a242e790330515c190d837a,34cfd77b9e80129c8a242e790330515c190d837a,bc87d5a7db1fde4251574fe458b520485cb2c92f+intfilter.9c8ec3044bf4,2,20,0.2,100000,20000,0.8,id >= 80000,"Small Cohere (768dim, 100K)",768,cosine,hnsw,fp16,50,500,300,100,true,false,false,ids_only,100,8,30,3,1000,90.97110845264402,10.946307894000004,13.47344195,14.26218151,14580,485.7278680313773,16.46180247476004,20.2226325,22.03001561,99.88400000000009,739.125,50.177287178999904,255.459106,0.843152,go1.27.1,0,8,24GiB,0-7,local_exact_fp64_cosine,neighbors_int_80p.parquet,
2026-10-01T06:37:13.010884461Z,e2-standard-8,AMD EPYC 7B12,xvec,34cfd77b9e80129c8a242e790330515c190d837a,34cfd77b9e80129c8a242e790330515c190d837a,bc87d5a7db1fde4251574fe458b520485cb2c92f+intfilter.9c8ec3044bf4,2,50,0.5,100000,50000,0.5,id >= 50000,"Small Cohere (768dim, 100K)",768,cosine,hnsw,fp16,50,500,300,100,true,false,false,ids_only,100,8,30,3,1000,167.98567631023874,5.907498484,7.374009999999999,7.831520799999998,27685,922.4647274670654,8.66941212190727,10.871663199999999,12.008565840000001,99.80600000000014,743.4375,44.688872807000735,250.055861,0.875042,go1.27.1,0,8,24GiB,0-7,local_exact_fp64_cosine,neighbors_int_50p.parquet,
2026-10-01T06:37:57.701759478Z,e2-standard-8,AMD EPYC 7B12,zvec,v0.7.0,34cfd77b9e80129c8a242e790330515c190d837a,v0.7.0,2,50,0.5,100000,50000,0.5,id >= 50000,"Small Cohere (768dim, 100K)",768,cosine,hnsw,fp16,50,500,300,100,true,false,false,ids_only,100,8,30,3,1000,240.08064817943324,4.135369830000001,5.14105895,5.6602508,33969,1132.1635621766075,7.062956275221592,9.416788,11.3356476,99.66500000000026,289.78515625,37.705148187000304,229.438612,4.455522,go1.27.1,0,8,24GiB,0-7,local_exact_fp64_cosine,neighbors_int_50p.parquet,b41fe8aba208b74b083e37849572284e7c091180869cba876b34c89e5833e514
2026-10-01T06:41:40.437576629Z,e2-standard-8,AMD EPYC 7B12,xvec,34cfd77b9e80129c8a242e790330515c190d837a,34cfd77b9e80129c8a242e790330515c190d837a,bc87d5a7db1fde4251574fe458b520485cb2c92f+intfilter.9c8ec3044bf4,3,50,0.5,100000,50000,0.5,id >= 50000,"Small Cohere (768dim, 100K)",768,cosine,hnsw,fp16,50,500,300,100,true,false,false,ids_only,100,8,30,3,1000,169.36330692282772,5.858168477999995,7.3393475,8.10533509,27211,906.5142155504271,8.822261554077405,11.121215,12.282842000000002,99.80600000000014,745.1875,44.69975699600036,249.958217,0.868027,go1.27.1,0,8,24GiB,0-7,local_exact_fp64_cosine,neighbors_int_50p.parquet,
2026-10-01T06:42:25.137650815Z,e2-standard-8,AMD EPYC 7B12,zvec,v0.7.0,34cfd77b9e80129c8a242e790330515c190d837a,v0.7.0,3,50,0.5,100000,50000,0.5,id >= 50000,"Small Cohere (768dim, 100K)",768,cosine,hnsw,fp16,50,500,300,100,true,false,false,ids_only,100,8,30,3,1000,239.44744530930976,4.146241482000002,5.2864065,5.931371889999999,33939,1131.1353828136737,7.0692416768319655,9.459748999999999,11.205947000000007,99.66500000000026,290.72265625,37.72197837699787,229.658965,4.5755669999999995,go1.27.1,0,8,24GiB,0-7,local_exact_fp64_cosine,neighbors_int_50p.parquet,b41fe8aba208b74b083e37849572284e7c091180869cba876b34c89e5833e514
2026-10-01T06:40:58.979582571Z,e2-standard-8,AMD EPYC 7B12,zvec,v0.7.0,34cfd77b9e80129c8a242e790330515c190d837a,v0.7.0,3,20,0.2,100000,20000,0.8,id >= 80000,"Small Cohere (768dim, 100K)",768,cosine,hnsw,fp16,50,500,300,100,true,false,false,ids_only,100,8,30,3,1000,131.82123516289334,7.553732136000001,9.23770745,9.8918336,18627,620.7243486445784,12.880568738336786,16.74984,19.079730000000005,99.75200000000018,288.45703125,41.45583885800079,238.047517,3.136191,go1.27.1,0,8,24GiB,0-7,local_exact_fp64_cosine,neighbors_int_80p.parquet,b41fe8aba208b74b083e37849572284e7c091180869cba876b34c89e5833e514
2026-10-01T06:40:08.760768569Z,e2-standard-8,AMD EPYC 7B12,xvec,34cfd77b9e80129c8a242e790330515c190d837a,34cfd77b9e80129c8a242e790330515c190d837a,bc87d5a7db1fde4251574fe458b520485cb2c92f+intfilter.9c8ec3044bf4,3,20,0.2,100000,20000,0.8,id >= 80000,"Small Cohere (768dim, 100K)",768,cosine,hnsw,fp16,50,500,300,100,true,false,false,ids_only,100,8,30,3,1000,90.61328835169365,10.988918534000002,13.472396,14.573262810000001,14704,489.89911135977445,16.323458480685545,20.06835415,21.870561799999994,99.88400000000009,738.80859375,50.21649240199986,255.530621,0.8723519999999999,go1.27.1,0,8,24GiB,0-7,local_exact_fp64_cosine,neighbors_int_80p.parquet,
2026-10-01T06:20:47.250175058Z,e2-standard-8,AMD EPYC 7B12,xvec,34cfd77b9e80129c8a242e790330515c190d837a,34cfd77b9e80129c8a242e790330515c190d837a,bc87d5a7db1fde4251574fe458b520485cb2c92f+intfilter.9c8ec3044bf4,1,0.1,0.001,100000,100,0.999,id >= 99900,"Small Cohere (768dim, 100K)",768,cosine,hnsw,fp16,50,500,300,100,true,false,false,ids_only,100,8,30,3,1000,6766.32548395145,0.12439005299999982,0.16404755,0.1952293,952146,31710.843681973238,0.25166733755012516,0.29921,1.3955210000000196,100,436.83203125,37.389043138999114,217.989652,3.227671,go1.27.1,0,8,24GiB,0-7,local_exact_fp64_cosine,neighbors_int_99.9p.parquet,
2026-10-01T06:21:24.657721126Z,e2-standard-8,AMD EPYC 7B12,zvec,v0.7.0,34cfd77b9e80129c8a242e790330515c190d837a,v0.7.0,1,0.1,0.001,100000,100,0.999,id >= 99900,"Small Cohere (768dim, 100K)",768,cosine,hnsw,fp16,50,500,300,100,true,false,false,ids_only,100,8,30,3,1000,2013.5211326774797,0.46948381299999986,0.7588484999999999,0.9455900999999999,302864,10092.414142671007,0.7917769337061975,1.596582499999999,2.5141828699999973,100,132.7265625,33.72343713200098,164.043733,25.972207,go1.27.1,0,8,24GiB,0-7,local_exact_fp64_cosine,neighbors_int_99.9p.parquet,b41fe8aba208b74b083e37849572284e7c091180869cba876b34c89e5833e514
2026-10-01T06:48:08.167781282Z,e2-standard-8,AMD EPYC 7B12,zvec,v0.7.0,34cfd77b9e80129c8a242e790330515c190d837a,v0.7.0,1,0.2,0.002,100000,200,0.998,id >= 99800,"Small Cohere (768dim, 100K)",768,cosine,hnsw,fp16,50,500,300,100,true,false,false,ids_only,100,8,30,3,1000,1837.2566813726999,0.5168538790000001,0.8145764499999999,0.9635002999999999,295628,9850.836998600513,0.8111885726250548,1.5729323499999994,2.358892999999998,99.94600000000004,136.19140625,33.731048852998356,174.05473,25.114628,go1.27.1,0,8,24GiB,0-7,local_exact_fp64_cosine,neighbors_int_99.8p.parquet,b41fe8aba208b74b083e37849572284e7c091180869cba876b34c89e5833e514
2026-10-01T06:48:41.900453695Z,e2-standard-8,AMD EPYC 7B12,xvec,34cfd77b9e80129c8a242e790330515c190d837a,34cfd77b9e80129c8a242e790330515c190d837a,bc87d5a7db1fde4251574fe458b520485cb2c92f+intfilter.9c8ec3044bf4,1,0.2,0.002,100000,200,0.998,id >= 99800,"Small Cohere (768dim, 100K)",768,cosine,hnsw,fp16,50,500,300,100,true,false,false,ids_only,100,8,30,3,1000,4931.746770012867,0.17976057500000014,0.20648199999999997,0.2528164,737366,24569.462753117856,0.32513682272712646,0.35367,0.7025704999999993,99.989,436.87890625,37.14576187700004,238.675502,1.477316,go1.27.1,0,8,24GiB,0-7,local_exact_fp64_cosine,neighbors_int_99.8p.parquet,
2026-10-01T06:51:38.886774036Z,e2-standard-8,AMD EPYC 7B12,xvec,34cfd77b9e80129c8a242e790330515c190d837a,34cfd77b9e80129c8a242e790330515c190d837a,bc87d5a7db1fde4251574fe458b520485cb2c92f+intfilter.9c8ec3044bf4,1,0.5,0.005,100000,500,0.995,id >= 99500,"Small Cohere (768dim, 100K)",768,cosine,hnsw,fp16,50,500,300,100,true,false,false,ids_only,100,8,30,3,1000,2717.7542944057723,0.339440595,0.4906104999999999,0.6891161899999995,439429,14635.633640732376,0.5461145056084096,0.59908,1.04744,99.97000000000003,437.56640625,37.3076045509988,240.185332,1.698275,go1.27.1,0,8,24GiB,0-7,local_exact_fp64_cosine,neighbors_int_99.5p.parquet,
2026-10-01T06:52:16.195583767Z,e2-standard-8,AMD EPYC 7B12,zvec,v0.7.0,34cfd77b9e80129c8a242e790330515c190d837a,v0.7.0,1,0.5,0.005,100000,500,0.995,id >= 99500,"Small Cohere (768dim, 100K)",768,cosine,hnsw,fp16,50,500,300,100,true,false,false,ids_only,100,8,30,3,1000,1463.1191133478276,0.6561922890000013,1.03023895,1.162318,260698,8687.419274988151,0.9199363606011577,1.7686915,2.5481621000000003,99.89100000000009,147.796875,33.887774617000105,180.295103,21.533497,go1.27.1,0,8,24GiB,0-7,local_exact_fp64_cosine,neighbors_int_99.5p.parquet,b41fe8aba208b74b083e37849572284e7c091180869cba876b34c89e5833e514
2026-10-01T06:20:12.995881349Z,e2-standard-8,AMD EPYC 7B12,zvec,v0.7.0,34cfd77b9e80129c8a242e790330515c190d837a,v0.7.0,1,1,0.01,100000,1000,0.99,id >= 99000,"Small Cohere (768dim, 100K)",768,cosine,hnsw,fp16,50,500,300,100,true,false,false,ids_only,100,8,30,3,1000,995.1373657516779,0.9744814089999997,1.4911000499999998,1.61985301,202429,6745.953935296826,1.1848186498624211,2.308711999999997,3.4069169200000005,99.8680000000001,170.6640625,34.25228781899932,184.727932,17.373224,go1.27.1,0,8,24GiB,0-7,local_exact_fp64_cosine,neighbors_int_99p.parquet,b41fe8aba208b74b083e37849572284e7c091180869cba876b34c89e5833e514
2026-10-01T06:19:35.373057181Z,e2-standard-8,AMD EPYC 7B12,xvec,34cfd77b9e80129c8a242e790330515c190d837a,34cfd77b9e80129c8a242e790330515c190d837a,bc87d5a7db1fde4251574fe458b520485cb2c92f+intfilter.9c8ec3044bf4,1,1,0.01,100000,1000,0.99,id >= 99000,"Small Cohere (768dim, 100K)",768,cosine,hnsw,fp16,50,500,300,100,true,false,false,ids_only,100,8,30,3,1000,1847.8999637876286,0.5111771380000002,0.6149429999999998,0.9757795999999993,258307,8603.53466196892,0.9292523991142434,1.1111439999999997,1.9918504000000004,99.95900000000005,443.390625,37.62192958800006,240.672553,1.564289,go1.27.1,0,8,24GiB,0-7,local_exact_fp64_cosine,neighbors_int_99p.parquet,
2026-10-01T06:53:24.514850676Z,e2-standard-8,AMD EPYC 7B12,xvec,34cfd77b9e80129c8a242e790330515c190d837a,34cfd77b9e80129c8a242e790330515c190d837a,bc87d5a7db1fde4251574fe458b520485cb2c92f+intfilter.9c8ec3044bf4,1,2,0.02,100000,2000,0.98,id >= 98000,"Small Cohere (768dim, 100K)",768,cosine,hnsw,fp16,50,500,300,100,true,false,false,ids_only,100,8,30,3,1000,1100.5361606374363,0.8766944570000007,1.0335774499999997,1.4162183099999999,143952,4796.553408479143,1.6671374786665203,1.9947845,3.315559199999999,99.97000000000003,511.734375,37.87826403600047,241.600825,1.399124,go1.27.1,0,8,24GiB,0-7,local_exact_fp64_cosine,neighbors_int_98p.parquet,
2026-10-01T06:52:50.086041284Z,e2-standard-8,AMD EPYC 7B12,zvec,v0.7.0,34cfd77b9e80129c8a242e790330515c190d837a,v0.7.0,1,2,0.02,100000,2000,0.98,id >= 98000,"Small Cohere (768dim, 100K)",768,cosine,hnsw,fp16,50,500,300,100,true,false,false,ids_only,100,8,30,3,1000,849.8239106644166,1.149683867999998,1.8519009999999998,1.9953947,168442,5614.133221603739,1.4241003419990304,2.5127840499999983,3.5031926999999987,99.8370000000001,208.30859375,34.42582907200267,194.493952,15.740693,go1.27.1,0,8,24GiB,0-7,local_exact_fp64_cosine,neighbors_int_98p.parquet,b41fe8aba208b74b083e37849572284e7c091180869cba876b34c89e5833e514
2026-10-01T06:57:08.924882252Z,e2-standard-8,AMD EPYC 7B12,zvec,v0.7.0,34cfd77b9e80129c8a242e790330515c190d837a,v0.7.0,1,5,0.05,100000,5000,0.95,id >= 95000,"Small Cohere (768dim, 100K)",768,cosine,hnsw,fp16,50,500,300,100,true,false,false,ids_only,100,8,30,3,1000,376.9052067281074,2.622621246000001,3.235563,3.4554621,80659,2688.2638053971223,2.974284756555375,4.662122999999999,6.3744642,99.82700000000013,264.3515625,35.984578842999326,213.842445,7.808614,go1.27.1,0,8,24GiB,0-7,local_exact_fp64_cosine,neighbors_int_95p.parquet,b41fe8aba208b74b083e37849572284e7c091180869cba876b34c89e5833e514
2026-10-01T06:56:28.817703661Z,e2-standard-8,AMD EPYC 7B12,xvec,34cfd77b9e80129c8a242e790330515c190d837a,34cfd77b9e80129c8a242e790330515c190d837a,bc87d5a7db1fde4251574fe458b520485cb2c92f+intfilter.9c8ec3044bf4,1,5,0.05,100000,5000,0.95,id >= 95000,"Small Cohere (768dim, 100K)",768,cosine,hnsw,fp16,50,500,300,100,true,false,false,ids_only,100,8,30,3,1000,339.26488255558826,2.907684995999999,3.5680759999999996,4.079835899999999,48372,1611.8974919777443,4.961312831452108,6.14785845,10.56175910000001,99.96500000000002,598.58984375,40.10572089099878,241.931727,1.011937,go1.27.1,0,8,24GiB,0-7,local_exact_fp64_cosine,neighbors_int_95p.parquet,
2026-10-01T06:58:23.181990081Z,e2-standard-8,AMD EPYC 7B12,xvec,34cfd77b9e80129c8a242e790330515c190d837a,34cfd77b9e80129c8a242e790330515c190d837a,bc87d5a7db1fde4251574fe458b520485cb2c92f+intfilter.9c8ec3044bf4,1,10,0.1,100000,10000,0.9,id >= 90000,"Small Cohere (768dim, 100K)",768,cosine,hnsw,fp16,50,500,300,100,true,false,false,ids_only,100,8,30,3,1000,155.81246006072845,6.372239357000004,7.30190095,7.8160180100000005,22091,736.3313416368949,10.859849025711876,13.855624500000001,21.1178761,99.96100000000003,635.73046875,43.96836125600021,246.119674,0.9696119999999999,go1.27.1,0,8,24GiB,0-7,local_exact_fp64_cosine,neighbors_int_90p.parquet,
2026-10-01T06:57:44.910801004Z,e2-standard-8,AMD EPYC 7B12,zvec,v0.7.0,34cfd77b9e80129c8a242e790330515c190d837a,v0.7.0,1,10,0.1,100000,10000,0.9,id >= 90000,"Small Cohere (768dim, 100K)",768,cosine,hnsw,fp16,50,500,300,100,true,false,false,ids_only,100,8,30,3,1000,213.08280409593263,4.661585021000003,5.322345,5.638686600000001,38162,1271.888172805838,6.287067977543112,8.821185949999998,11.212010789999999,99.78300000000017,290.16015625,38.26857468600065,226.100562,4.254604,go1.27.1,0,8,24GiB,0-7,local_exact_fp64_cosine,neighbors_int_90p.parquet,b41fe8aba208b74b083e37849572284e7c091180869cba876b34c89e5833e514
